<?xml version="1.0" encoding="utf-8"?>
<Catchment xmlns:xsi="http://www.w3.org/2001/XMLSchema-instance" xmlns:xsd="http://www.w3.org/2001/XMLSchema">
  <CatchmentParameters>
    <KSI>0.001</KSI>
    <KGmin>0.05</KGmin>
    <RangeKG>0.1</RangeKG>
    <AG>0.1</AG>
    <PERC>0.567615026</PERC>
    <Alpha>0</Alpha>
    <UZL>44.76559676</UZL>
    <K0>0.253652152</K0>
    <K1>0.15551296</K1>
    <K2>0.009848776</K2>
    <MAXBAS>1.566031928</MAXBAS>
    <Cet>0</Cet>
    <PCALT>10</PCALT>
    <TCALT>0.6</TCALT>
    <Pelev>3165</Pelev>
    <Telev>3224</Telev>
    <PART>0.5</PART>
    <DELAY>1</DELAY>
  </CatchmentParameters>
  <VegetationZone>
    <VegetationZoneParameters>
      <TT>-0.087840691</TT>
      <CFMAX>1.613448053</CFMAX>
      <SP>0</SP>
      <SFCF>0.635667626</SFCF>
      <CFR>0.042572957</CFR>
      <CWH>0.187395026</CWH>
      <CFGlacier>1</CFGlacier>
      <CFSlope>1</CFSlope>
      <FC>254.0504849</FC>
      <LP>0.304377125</LP>
      <BETA>1.007303646</BETA>
    </VegetationZoneParameters>
  </VegetationZone>
  <SubCatchment>
    <SubCatchmentParameters>
      <KSI>0.001</KSI>
      <KGmin>0.05</KGmin>
      <RangeKG>0.1</RangeKG>
      <AG>0.1</AG>
      <PERC>0.567615026</PERC>
      <Alpha>0</Alpha>
      <UZL>44.76559676</UZL>
      <K0>0.253652152</K0>
      <K1>0.15551296</K1>
      <K2>0.009848776</K2>
      <MAXBAS>1.566031928</MAXBAS>
      <Cet>0</Cet>
      <PCALT>10</PCALT>
      <TCALT>0.6</TCALT>
      <Pelev>3165</Pelev>
      <Telev>3224</Telev>
      <PART>0.5</PART>
      <DELAY>1</DELAY>
    </SubCatchmentParameters>
    <SubCatchmentVegetationZone>
      <SubCatchmentVegetationZoneParameters>
        <TT>-0.087840691</TT>
        <CFMAX>1.613448053</CFMAX>
        <SP>0</SP>
        <SFCF>0.635667626</SFCF>
        <CFR>0.042572957</CFR>
        <CWH>0.187395026</CWH>
        <CFGlacier>1</CFGlacier>
        <CFSlope>1</CFSlope>
        <FC>254.0504849</FC>
        <LP>0.304377125</LP>
        <BETA>1.007303646</BETA>
      </SubCatchmentVegetationZoneParameters>
    </SubCatchmentVegetationZone>
  </SubCatchment>
</Catchment>